Num, FullName,"[Fe/H] [-]","M* Msun","Per d","msini Msun","a AU"
1,2M00110648+6609349,-0.370823,0.923444,244.53564,0.116064,0.6887
2,2M00114326+7112562,-0.534219,1.251942,25.556105,0.966304,0.12498
3,2M00225114+6202031,-0.12926,0.659883,20.218648,0.0103456,0.12515
4,2M00230781+6635311,0.132665,2.251461,49.562371,0.0474853,0.34131
5,2M00241366+5907430,-0.554713,1.345437,199.301,0.14441,0.68872
6,2M00283822+5833027,0.18498,0.844387,86.519001,0.0129621,0.35818
7,2M00283971+8530377,0.095452,1.228334,41.265049,0.00439574,0.24968
8,2M00293898+6641295,-0.569554,1.352067,43.652711,0.191498,0.24561
9,2M00295684+6356284,-0.170303,2.190596,94.001199,0.0694524,0.51464
10,2M00301928+6648359,-0.379957,1.174127,18.220843,0.00875542,0.14226
11,2M00330093+8454150,-0.10033,1.068009,10.925002,0.00405385,0.09824
12,2M00334291+6236198,-0.136952,2.98535,14.568467,0.0164729,0.16747
13,2M00334320+8523017,0.059662,1.263622,76.57287,0.028383,0.37591
14,2M00344509+8512058,0.150057,1.237631,123.73619,0.255487,0.46039
15,2M00370172+8455256,-0.434377,1.248852,13.466896,0.0217877,0.11792
16,2M00393636+8359378,-0.626156,1.14986,125.63072,0.185596,0.46546
17,2M00394524+8449597,0.193773,1.388053,0.57061087,0.00390425,0.01499
18,2M00471754+8456301,-0.207,0.891386,66.509697,0.00784232,0.30739
19,2M00475315+8504023,-0.13238,1.238772,36.589029,0.0243439,0.22866
20,2M00513648+8443583,0.334085,1.248576,98.321238,0.0772153,0.43131
21,2M01214291+8604187,-0.047259,0.529928,13.716268,0.00686275,0.08998
22,2M01250592+8444252,-0.116993,1.297377,307.21396,0.03149,0.95639
23,2M01304108+8553271,-0.103354,1.377935,217.05118,0.0142026,0.7812
24,2M01340081+8535530,-0.251762,1.503774,108.59818,0.0117463,0.50773
25,2M01471839+8454501,0.066922,0.546598,8.7725009,0.00302106,0.06781
26,2M01565559+8526305,0.077404,0.715686,86.175071,0.00574223,0.33972
27,2M03033027+7944165,-0.398286,1.266041,933.09036,0.409319,1.67723
28,2M03072395+7944317,0.004151,0.662735,43.998169,0.322568,0.16326
29,2M03080601+7950502,-0.097657,1.71737,184.47932,0.303666,0.68136
30,2M03123190+8018137,-0.15592,0.627149,9.1755756,0.056251,0.06933
31,2M03145671+8003470,0.008894,0.811323,144.64497,0.0142139,0.49717
32,2M03192158+7942033,-0.17017,0.653605,23.757502,0.00974582,0.13899
33,2M03221892+7846028,-0.027839,1.98726,106.37813,0.828011,0.43793
34,2M03225614+7935522,-0.11071,0.752386,10.747765,0.325803,0.0682
35,2M03252046+7909078,-0.31111,0.560669,4.6196981,0.00794967,0.04435
36,2M03262508+8007344,0.012101,1.330092,1168.5496,2.1871,1.24867
37,2M03280181+4707518,0.16556,1.403364,154.8365,0.0443592,0.61882
38,2M03281799+4621291,0.11796,0.605999,104.94401,0.148735,0.31832
39,2M03321708+7951573,-0.10427,0.597417,185.19826,0.00826904,0.53068
40,2M03325390+8047161,0.30172,0.975718,38.063015,0.271357,0.1865
41,2M03360098+8032080,0.14384,0.876676,207.23368,0.0387169,0.6373
42,2M03360422+4600053,-0.013842,2.00803,2.6372694,0.0142147,0.04691
43,2M03392748+4702546,-0.41866,3.260282,782.20107,0.371727,2.29244
44,2M03405638+8018109,0.18489,0.852336,36.156187,0.182383,0.17829
45,2M03411894+4631030,0.198673,1.899069,19.221372,0.0143211,0.17303
46,2M03430919+4806542,0.10127,1.081667,216.0162,0.0860177,0.68728
47,2M03431065+3235323,-0.077139,2.680225,158.86332,0.0359558,0.79033
48,2M03452106+3218178,-0.34407,2.439776,121.53409,0.241725,0.60697
49,2M03464334+4926498,0.080444,0.771811,200.49008,0.0546597,0.58751
50,2M03475791+4759452,-0.186471,1.768541,43.202069,0.0167466,0.28957
51,2M03523763+4834406,-0.406312,1.284225,497.80085,0.209808,1.20791
52,2M03543039+7939477,-0.13792,0.544238,88.427149,0.0766377,0.29048
53,2M03552887+8008310,0.17153,0.905732,96.111241,0.143003,0.3603
54,2M03553099+5203331,-0.045495,6.455408,19.524069,0.0669372,0.2624
55,2M03585279+5155016,-0.18299,0.581184,4.1218733,0.0137866,0.04133
56,2M04001229+5119415,-0.091707,3.062579,477.34366,0.157834,1.67866
57,2M04015072+5222098,-0.28458,1.061308,30.829526,0.115353,0.18323
58,2M04032444+7917485,-0.244366,1.350961,107.17261,0.194345,0.44629
59,2M04073011+7923186,0.21366,0.833154,6.1011939,0.00791446,0.0611
60,2M04184590+5604107,-0.18949,1.215892,50.830665,0.240279,0.25416
61,2M04212706+5543164,0.017714,2.281372,3.4746994,0.00502765,0.05902
62,2M04223850+5550407,-0.16659,4.89594,761.75554,0.398725,2.63078
63,2M04265695+5405371,-0.217834,1.950645,99.907424,0.0353354,0.52022
64,2M04282685+5456563,-0.132765,6.401968,80.987914,0.0916975,0.6738
65,2M04293442+5449033,-0.003823,2.279156,24.433996,0.0119443,0.21611
66,2M04294257+5629439,-0.380587,1.213776,5.738066,0.0194129,0.06621
67,2M04302445+5458419,0.072714,1.007176,23.0593,0.0424211,0.15461
68,2M04373998+5736454,0.21414,1.253604,187.06647,0.155487,0.63847
69,2M04411627+5855354,-0.274694,2.041393,55.839932,0.828651,0.289
70,2M04421084+5802243,-0.434175,1.143013,274.16541,0.0547427,0.83706
71,2M04452079+3803475,0.16285,0.851942,164.98841,0.0360949,0.54287
72,2M04473998+3846403,-0.14273,0.47873,1.3193624,0.00585476,0.01827
73,2M04481529+3734462,-0.18192,0.680725,62.553303,0.197765,0.22887
74,2M04491188+4003096,-0.143451,4.485432,161.15244,0.068736,0.94613
75,2M04504284+5753538,0.23283,1.202994,18.345497,0.557964,0.1123
76,2M04521987+3745440,-0.1756,1.789419,18.642519,0.0106447,0.16639
77,2M05155531+2319522,-0.015145,0.710439,210.16153,0.0291564,0.60095
78,2M05163616+4235353,-0.10129,0.689869,23.511781,0.213531,0.11857
79,2M05202674+4251053,-0.01752,3.162934,82.070403,0.0378188,0.53824
80,2M05224382+4300425,-0.087549,3.519654,656.69412,1.86124,1.69474
81,2M05225538+4304332,0.08477,0.607511,1.2618537,0.00199754,0.01931
82,2M05310225+2735570,-0.667161,0.954822,153.81474,0.0656375,0.52924
83,2M05311298+2718532,-0.288338,1.543198,408.05365,0.0467422,1.21968
84,2M05335134+2625329,-0.041539,2.529953,153.49435,0.734705,0.64498
85,2M05445028+2847562,-0.339534,1.691707,5.2849455,0.00692345,0.07056
86,2M05452339+2829265,-0.12348,0.566282,120.10785,0.0148608,0.3874
87,2M05454972+3008464,-0.052221,0.719285,40.77395,0.0513736,0.1984
88,2M05464438+2742184,-0.33209,0.755403,11.995452,0.295982,0.07492
89,2M05490717+2835566,0.10094,0.880403,8.2270818,0.00703314,0.07604
90,2M05493518+2811360,-0.404024,1.583667,544.55656,0.0945856,1.46347
91,2M05495459+2808249,0.038555,1.582092,68.047227,0.534603,0.31304
92,2M05504316+2808440,0.14353,0.881967,10.073684,0.207614,0.07603
93,2M05561326+3008008,-0.05923,0.875715,0.43411071,0.00253967,0.01071
94,2M05570937+3027112,0.018748,2.717197,1054.2013,0.495535,2.5298
95,2M05584436+3130164,0.168048,1.725515,1271.601,0.0833755,2.66984
96,2M06010798+3152329,0.21978,1.232266,225.72556,0.0287834,0.76595
97,2M06022829+3109354,-0.322696,1.781334,235.12973,0.0959349,0.87269
98,2M06052829+1339138,-0.066997,1.696663,512.54971,0.173162,1.40116
99,2M06062922+1410524,-0.25557,0.677987,235.36838,0.0408214,0.63037
100,2M06070031+3040121,-0.15632,0.74739,4.3445122,0.00582357,0.04704
101,2M06080116+1326140,-0.059179,2.24502,144.99431,1.25967,0.52555
102,2M06131277+3253212,-0.12386,0.923722,73.750903,0.0120138,0.33234
103,2M06133719+3242058,-0.109569,2.12415,841.53021,0.258143,2.07734
104,2M06142559+3313468,-0.017491,0.691161,55.961329,0.414808,0.18505
105,2M06143169-0043009,-0.42493,0.643347,209.99494,0.117217,0.53386
106,2M06171599+0019388,-0.050314,0.558973,35.611756,0.0235101,0.16977
107,2M06171890-0012568,-0.539723,1.211498,71.664298,0.0530658,0.34981
108,2M06172325+0000514,0.180914,1.99795,595.4469,0.841605,1.38011
109,2M06175119+3246127,0.022648,2.3907,803.08686,0.177387,2.15554
110,2M06200704-0037219,0.040648,0.939618,188.12216,0.142359,0.57286
111,2M06281631+1757006,-0.296411,4.652074,232.13655,0.508333,1.15157
112,2M06283062+0505458,-0.059087,1.476243,133.7949,0.425172,0.49241
113,2M06293397+1758208,-0.366605,1.221089,244.1592,0.0689369,0.78779
114,2M06295025+1739189,-0.296192,3.973546,142.03088,0.142015,0.82429
115,2M06300571+0106151,-0.22515,1.186989,12.991839,0.00663208,0.11409
116,2M06310594+0045131,-0.227583,1.851233,7.309005,0.00695729,0.09028
117,2M06315647+0504364,-0.212765,2.080956,3.6421528,0.0101742,0.05895
118,2M06321756+0057557,-0.30038,0.703259,752.13173,0.0689765,1.35232
119,2M06343799+0645031,-0.16697,0.633877,6.442353,0.162653,0.04999
120,2M06344403+0509367,0.009503,2.477681,196.57993,1.52511,0.65028
121,2M06344847+0616158,-0.077338,2.709563,93.801623,0.0180357,0.56078
122,2M06355361+0539085,-0.19033,0.602135,0.25210211,0.00124399,0.00659
123,2M06361879+0436447,-0.337883,1.341034,127.72755,0.76932,0.40456
124,2M06363656+0037407,-0.088224,2.531122,793.59666,1.43337,1.69507
125,2M06373467+1702080,0.009748,4.610078,24.397601,0.0650773,0.27144
126,2M06472969+0110556,-0.36749,0.530923,2.4658298,0.00219752,0.02884
127,2M06503985+0252103,-0.170045,2.431369,511.64788,0.17149,1.60864
128,2M06554572+0356327,-0.18007,2.36969,138.75308,0.0800488,0.68397
129,2M06575827+0350135,-0.043017,1.709035,214.75873,0.0534536,0.82205
130,2M06592037+0539140,-0.290814,1.442236,49.031479,0.032216,0.29187
131,2M07003681+0419556,-0.004421,1.687393,1.7908082,0.00602702,0.03428
132,2M07021716+0517093,-0.278437,1.582146,303.09881,0.930024,0.75603
133,2M07041952+0409549,-0.20014,0.508217,13.747729,0.00434715,0.08912
134,2M07103169+0712585,-0.200529,1.812417,62.48737,0.650702,0.30624
135,2M07135195+0447568,-0.26077,0.701034,566.85281,0.159614,1.03858
136,2M07140475+0704456,0.121184,2.295971,587.14616,0.132656,1.74376
137,2M07163554+0608507,-0.10839,0.536005,85.181251,0.0363653,0.29461
138,2M07185787+0534187,-0.13827,0.655653,0.90893942,0.00359016,0.0159
139,2M07323237+2100401,-0.20582,0.69958,194.09864,0.0621953,0.55026
140,2M07413781+2051302,-0.242141,1.377814,216.4993,0.50293,0.63809
141,2M07414269+2136092,0.050787,1.399599,26.938984,0.395259,0.16667
142,2M08102456+3241403,-0.27582,1.229622,171.83967,0.587727,0.49945
143,2M08105145+3218246,0.068689,0.455388,2.7407319,0.23318,0.02238
144,2M08111162+3255049,-0.141262,1.52334,119.96024,1.27177,0.36545
145,2M08112409+3251415,-0.179033,1.302567,23.022318,0.194877,0.15762
146,2M08122482+3307108,-0.129543,1.376435,248.13588,0.0181089,0.85216
147,2M08140186+3045036,0.215116,2.212684,206.20256,0.176409,0.84572
148,2M08140761+3145095,-0.13299,0.724549,157.46088,0.0295012,0.4991
149,2M08150160+3151012,-0.16653,0.507793,223.34588,0.472486,0.37072
150,2M08194758+3104102,0.062579,0.963527,25.318221,0.0116395,0.16534
151,2M08463712+1055189,-0.20664,0.698185,5.0592012,0.00317683,0.05101
152,2M08471093+1112149,-0.164,0.549374,31.564291,0.123824,0.1398
153,2M08474740+1248544,-0.19869,0.669459,13.48141,0.188929,0.08217
154,2M08480285+1157534,-0.040245,0.67935,10.459726,0.214281,0.06854
155,2M08483429+1225079,-0.15365,0.703283,76.296883,0.119938,0.28187
156,2M08483499+1236448,-0.20954,0.693687,120.49645,0.258889,0.34209
157,2M08485051+1134020,-0.24156,0.523517,172.68064,0.363936,0.34406
158,2M08511963+1232465,0.043818,0.788587,202.43213,0.0556616,0.59564
159,2M08532372+1119098,-0.57548,0.712976,30.720496,0.0394254,0.16545
160,2M08535065+1029337,-0.034572,0.614161,109.81963,0.359712,0.28055
161,2M08552622+1054187,-0.073095,0.57696,165.4556,0.120305,0.43278
162,2M11431623+0055135,-0.44742,0.728755,152.79108,0.0677723,0.47436
163,2M11434636+0030400,-0.11909,1.061841,16.80641,0.0277358,0.12877
164,2M11435456+0033196,0.40153,1.223018,47.324301,0.756849,0.19861
165,2M11440094+0034363,-0.15949,1.014528,27.433114,0.0220141,0.17633
166,2M11444122+0031591,0.20155,1.041636,678.67144,0.0394721,1.49455
167,2M11450339+0121238,0.032704,0.549986,164.65324,0.0309501,0.46444
168,2M11452461+0125173,0.14148,0.559508,642.64098,0.053752,1.12968
169,2M11462469+0102248,-0.42545,0.663238,23.837561,0.00960073,0.14001
170,2M11463743-0053010,0.002526,0.878224,21.271004,0.255836,0.12133
171,2M11474169-0044335,0.062879,0.872518,50.320063,0.112283,0.23513
172,2M11481919+0118185,-0.43979,0.488064,0.52958361,0.00331897,0.01004
173,2M11512380+0033387,-0.741009,1.145251,227.57099,0.0825683,0.72859
174,2M11513917+0039454,-0.11854,0.848268,361.88596,0.0135339,0.9309
175,2M12045063+1911396,-0.11358,0.884628,104.82417,0.0416334,0.40506
176,2M12105030+1910562,-0.32653,0.690084,67.132909,0.363243,0.21549
177,2M12112555+1908295,-0.185403,1.227651,114.72346,0.0538712,0.4808
178,2M12135300+1419452,-0.040259,0.508887,1.6194881,0.00328665,0.02146
179,2M12154845+1349282,-0.011983,0.503526,1.1978496,0.00637941,0.01741
180,2M12161612+1411251,-0.51549,0.691479,2.1775362,0.00995225,0.0288
181,2M12163377+1410469,-0.17803,0.528198,1.1429596,0.00419615,0.0172
182,2M12164821+1455510,-0.6893,0.384609,2.723895,0.00614534,0.02747
183,2M12170968-0042550,-0.534226,1.904553,8.1039088,0.0287367,0.0969
184,2M12182567+0048289,-0.55723,0.634221,13.77759,0.168101,0.08262
185,2M12183673+1446115,0.10409,0.797431,9.3050031,0.253962,0.06677
186,2M12192456+0000171,0.43027,0.851315,5.549685,0.00243747,0.05803
187,2M12205051+1356340,0.026848,0.773261,10.347659,0.460285,0.06248
188,2M12211197+2704339,-0.7432,0.510319,31.240512,0.35002,0.10952
189,2M12211694+1358233,0.066649,0.544777,259.05149,0.0438014,0.61688
190,2M12211967-0104322,-0.39465,0.733215,125.88932,0.250264,0.36446
191,2M12212053+1352596,-0.025045,0.700852,97.479889,0.119931,0.33139
192,2M12213892+1425172,-0.2569,0.486402,0.72656477,0.00151574,0.01241
193,2M12220451+1413438,-0.81565,1.122893,156.37902,0.0268429,0.58119
194,2M12222252+1434366,0.065549,0.722556,15.300746,0.123769,0.09741
195,2M12224798+1333258,-0.014854,0.67862,11.087221,0.0105673,0.08464
196,2M12225224+2504000,-0.087709,1.631593,232.53604,0.204212,0.80535
197,2M12242433+0000450,-0.33127,0.800079,6.4326028,0.250854,0.05239
198,2M12244488+2640386,-0.393909,0.964141,153.79011,0.0336712,0.54241
199,2M12253745+2546127,-0.32684,0.463257,103.40161,0.00893905,0.32937
200,2M12262401+2515430,-0.48194,1.189072,209.30571,0.415218,0.59861
201,2M12271056-0030016,-0.167588,1.76384,2.5943366,0.0197259,0.04431
202,2M12274075+0007367,-0.28858,0.526981,1.2775939,0.00259473,0.01855
203,2M12383663-0736479,-0.784097,1.091909,180.89373,0.0806293,0.61468
204,2M12401224-0648362,-0.27742,0.626902,602.11946,0.0359011,1.15084
205,2M12415580-0809155,-0.14265,0.986605,2.4989063,0.00842952,0.03567
206,2M12450214-0725112,-0.420879,1.151285,103.54717,0.427191,0.36649
207,2M13071335+1659591,-0.13525,0.518236,4.9413517,0.00287861,0.04544
208,2M13084943+1705275,-0.046324,0.908228,16.414864,0.00599616,0.12187
209,2M13090969+1630418,-1.087032,1.015672,162.62931,0.0899966,0.55386
210,2M13090983+1711572,-0.531152,1.202798,14.28128,0.85125,0.08575
211,2M13093752+1709398,-0.033399,0.542402,19.522255,0.441552,0.0778
212,2M13101232+1811409,0.11779,0.793143,22.309721,0.00479867,0.14299
213,2M13104680+1759363,0.043445,0.58397,0.87893302,0.080358,0.01377
214,2M13122184+1635340,-0.25028,0.523994,13.388877,0.221745,0.07032
215,2M13124295+1714286,-0.280618,1.26501,118.90606,0.260892,0.45166
216,2M13131777+1705326,-0.50351,0.739709,24.349481,0.0215549,0.14587
217,2M13133317+1542134,-0.20186,0.705856,112.81715,0.0061567,0.4045
218,2M13141550+1700169,-0.39993,0.679925,2.2654233,0.00877826,0.02943
219,2M13150364+1806426,-0.810188,0.66242,202.3646,0.0272824,0.57242
220,2M13384893+1840175,-0.48082,0.67534,28.101565,0.0319292,0.1539
221,2M13405513+2709430,-0.705162,1.070719,9.278876,0.0431074,0.08611
222,2M13414217+1805294,-0.35122,0.517885,6.970969,0.0113875,0.05652
223,2M13422439+2851300,-0.906273,1.022078,189.451,0.145249,0.59516
224,2M13423179+1925328,-0.16713,0.497993,36.75999,0.0904939,0.15345
225,2M13424327+1743151,-0.64728,0.57573,110.03985,0.163356,0.31653
226,2M13431527+1910491,-0.17168,0.549312,86.8276,0.571616,0.19535
227,2M13433307+1731175,-0.33661,0.508633,17.755555,0.0434584,0.10068
228,2M13435045+2800384,-1.403748,1.211565,14.86589,0.0188803,0.12484
229,2M13450512+2651051,-0.43357,0.872587,723.81497,0.235887,1.28537
230,2M13454310+1819440,-0.2097,0.745694,11.643003,0.00790465,0.09053
231,2M13454556+1657307,-0.1036,0.826386,90.311402,0.34028,0.29376
232,2M13461152+2653184,-0.49684,0.986529,242.43179,0.0465823,0.73453
233,2M13472690+2744293,0.093077,1.126592,23.932948,0.0570225,0.16364
234,2M13474582+1728364,-0.21081,0.471522,1.386476,0.0029473,0.01886
235,2M13481031+2839466,-0.62131,0.713824,8.5802463,0.253205,0.05987
236,2M13482073+2815549,-0.287057,1.368883,784.83686,0.553949,1.47409
237,2M13483077+1745228,-0.302766,1.063012,12.88066,0.0108792,0.10901
238,2M13501100+1818464,-0.22943,0.973918,0.16821996,0.00478267,0.00589
239,2M14053944+2744230,-0.14883,0.70406,72.510326,0.00769297,0.30057
240,2M15134845+0000312,-0.59444,1.058573,113.08279,0.0854331,0.44289
241,2M15140174+0202231,-0.446325,0.994308,56.639326,0.16782,0.25963
242,2M15142280+0024103,-0.406,0.781189,56.274522,0.0219596,0.25983
243,2M15180278+0030341,-0.401509,1.120738,39.357501,0.144891,0.2169
244,2M15182185+0147091,-0.867587,2.273248,31.432414,0.0613139,0.25178
245,2M16320984-1256246,-0.12755,0.936349,1012.7877,0.340108,1.57055
246,2M16321854-1347536,-0.12651,0.750183,33.514675,0.292297,0.14844
247,2M16325559-1259536,-0.077834,1.157351,841.22014,0.433843,1.48092
248,2M16355605+3552193,-0.815009,1.032602,115.60826,0.114552,0.43764
249,2M16421269+4725456,-0.908089,1.085644,68.00287,0.663053,0.24387
250,2M16434638+3524172,-0.469692,2.132921,13.887922,0.512985,0.12607
251,2M16473251+3727163,-0.43163,1.073087,153.48521,0.309825,0.48501
252,2M16490085+4714427,0.042001,1.030763,528.45382,0.208166,1.14306
253,2M16514260+4703248,-0.22638,1.004057,12.381931,0.607465,0.07651
254,2M17105698+4301117,-0.35673,1.112753,204.67559,0.055309,0.68193
255,2M17123359+4314004,-0.63406,0.760609,9.1091236,0.42928,0.05782
256,2M17134528+4250556,-0.298923,1.734669,88.764259,0.230117,0.43062
257,2M17140626+4307331,-0.56395,1.6,11.985361,0.257772,0.10852
258,2M17150008+4320355,-0.70969,0.961536,127.43936,0.0295588,0.47939
259,2M17172331+4256556,-1.8122,0.982894,3.2836189,0.0560826,0.04143
260,2M17194150+4305034,-0.424296,1.756975,6.933623,0.0101573,0.08554
261,2M17194262+4354561,-0.89701,0.966356,56.385384,0.0106652,0.28244
262,2M17202516+4249416,-0.24117,0.713853,4.3888075,0.00245324,0.04678
263,2M17203378+4327517,-0.669911,1.007229,183.80808,0.389908,0.5099
264,2M17214931+4221402,-0.509694,1.030643,118.58009,0.0454367,0.46362
265,2M18315033-0019362,-0.024954,1.022151,4.4200932,0.00359564,0.05297
266,2M18404988-0205151,0.222242,2.661669,151.6809,0.0651253,0.75905
267,2M18424630-0307505,0.218479,2.388131,482.81329,0.100122,1.56645
268,2M18454048-0205015,-0.019796,1.582466,761.79867,0.280346,1.70627
269,2M18471777-0135164,0.335595,2.245432,410.83553,0.0478728,1.39648
270,2M18481414-0251133,0.173827,1.62468,839.69848,0.134146,1.94222
271,2M18504195-0311203,0.133159,2.994599,16.142685,0.0243718,0.1792
272,2M18512248-0226024,-0.128981,1.518744,205.20677,0.201916,0.72015
273,2M18563573-0353463,0.347955,2.214895,104.61709,0.0142266,0.56398
274,2M18565556-0402568,0.262664,1.405409,190.33645,0.0554856,0.70686
275,2M18575650-0315315,-0.368872,1.347083,117.14867,0.0302012,0.50988
276,2M18580704-0321242,0.094998,1.016556,77.761723,0.173206,0.3228
277,2M18580981-0506126,-0.096588,1.33542,122.78765,0.0558829,0.51806
278,2M18591837-0401083,-0.293204,2.117962,167.7622,0.146307,0.73124
279,2M19033776-0322027,0.197878,2.000553,160.79201,0.119097,0.70158
280,2M19045978-0332034,0.085617,1.6631,156.37384,0.248064,0.61342
281,2M19105197+2845422,0.033204,1.478019,147.11214,0.0695602,0.60249
282,2M19110770+2747154,0.18128,0.719701,26.131148,0.00797048,0.15332
283,2M19114515-0725486,0.062413,1.824372,167.44024,0.236933,0.66968
284,2M19123733+2724276,0.039718,3.278498,36.815662,0.0233533,0.32022
285,2M19130255-0625100,0.42325,0.724009,158.9041,0.0191999,0.50663
286,2M19131944-0532048,0.151048,1.655397,152.76613,0.0266271,0.65458
287,2M19134104-0712053,0.175919,1.695142,191.43588,1.07742,0.55835
288,2M19145920-0539507,-0.066056,1.531016,521.29427,0.584649,1.17761
289,2M19160171+2714504,0.024659,2.44504,531.91489,0.176303,1.65232
290,2M19240789+2504214,-0.391262,2.123926,515.0319,0.104545,1.56542
291,2M19263602+4242028,0.175,1.138551,145.98568,0.59313,0.4284
292,2M19270523+4105530,-0.29816,1.429955,82.318554,0.201521,0.38212
293,2M19273730+2555338,-0.038369,1.073467,18.294038,0.302289,0.11791
294,2M19275008+2426204,-0.044011,2.46749,332.89343,0.018043,1.26408
295,2M19290626+4202158,0.330145,1.311615,63.628492,0.590963,0.26645
296,2M19291780+4302004,0.20825,1.207963,274.41113,0.0906403,0.83869
297,2M19292561+2626538,-0.351786,1.148174,481.792,0.193025,1.13549
298,2M19292854+2459037,-0.372799,1.019418,1303.5317,0.333917,1.9458
299,2M19301464+2613471,0.262135,1.559485,46.217128,0.129001,0.27719
300,2M19315429+4232516,-0.147998,1.499385,103.30171,0.650536,0.38783
301,2M19335125+4253024,-0.013818,0.581405,4.2860654,0.244345,0.03411
302,2M19352118+4207199,-0.25478,0.992647,10.81629,0.191229,0.0849
303,2M19390004+2427162,0.209526,1.769254,940.27945,0.824024,1.76061
304,2M19394424+2437530,0.20785,1.218704,1248.1651,0.709587,1.7847
305,2M19401388+2249182,0.256465,4.70336,1130.9816,0.169041,3.47656
306,2M19404367+2303446,0.326793,1.693382,1568.3157,0.328326,2.7979
307,2M19405532+2401157,0.093295,2.605801,107.94045,0.39883,0.55522
308,2M19410909+2331524,0.140623,2.991544,566.40923,0.274872,1.82054
309,2M19411443+2454266,0.207486,2.821382,48.876658,0.0166533,0.36823
310,2M19424644+2318442,0.153647,3.396288,1550.6593,0.508464,3.59101
311,2M19433509+2456366,-0.074275,1.473563,233.36921,0.384054,0.72337
312,2M19445003+2439272,-0.019591,2.29067,1002.2497,0.105674,2.50718
313,2M19452035+2457557,-0.672227,1.086313,742.20022,0.14883,1.51392
314,2M19453527+2333077,0.268544,2.230614,483.11099,0.234476,1.47288
315,2M19471487+2244208,-0.49995,1.145178,1370.4464,0.163213,2.31155
316,2M19474741+2321103,0.084499,1.635856,36.523922,0.0248217,0.25131
317,2M19480488+2401144,0.373841,2.092347,1310.1157,0.487708,2.60632
318,2M19481421+2307432,0.052966,0.869884,777.85057,0.190458,1.38473
319,2M19541546+2141090,-0.153003,5.814817,20.358046,0.332178,0.25284
320,2M19565473+2206194,0.171776,1.306941,99.319998,0.212082,0.41514
321,2M19595397+2316326,-0.165208,2.287082,421.01082,0.167296,1.3818
322,2M20000379+2209030,-1.313113,0.90299,481.41921,0.446719,0.88881
323,2M20015934+2044307,0.398527,1.758143,193.27082,0.174481,0.7413
324,2M20032039+2127112,0.069533,2.168118,54.045227,0.0118183,0.36077
325,2M20110568+1955061,-0.043993,0.857008,120.98087,0.124556,0.4154
326,2M20111794+1908468,-0.36485,1.632042,65.733791,0.327499,0.33222
327,2M20122312+1922250,0.203142,1.811087,157.25702,0.0381202,0.68541
328,2M20123077+1850399,0.214827,1.459181,98.669288,0.0220058,0.46927
329,2M20130687+2044173,-0.053369,1.468913,17.931923,0.0280827,0.1505
330,2M20183197+1953430,0.163047,2.281689,51.295358,1.47995,0.25487
331,2M20443307+5040001,-0.21751,0.512136,28.107732,0.017543,0.14153
332,2M20455210+5138327,0.144961,2.201084,27.200908,0.0483645,0.22694
333,2M20472800+5111090,-0.361506,1.249856,498.71431,0.748969,0.96942
334,2M20511111+5054053,0.027538,2.862602,14.640287,0.0176691,0.16562
335,2M20512287+5144445,0.036813,1.244105,107.28844,0.957135,0.32487
336,2M20525666+4958258,0.27107,1.255272,34.127074,0.906643,0.15459
337,2M20531937+5012375,0.099797,2.415826,14.705947,0.0145324,0.15699
338,2M20533921+4948286,-0.077571,3.158612,151.07893,0.03419,0.80868
339,2M20544193+5133387,0.21449,0.674412,10.169869,0.457829,0.05703
340,2M20544823+5017406,0.206879,1.827672,211.77284,0.0260417,0.8422
341,2M20551781+5012028,-0.153793,2.368866,680.19455,0.0347687,1.99823
342,2M20555422+5036211,-0.071347,8.287677,10.832964,0.0508001,0.19311
343,2M20563173+5153589,0.034839,1.356401,238.24846,0.110259,0.79029
344,2M20564020+5021315,-0.359647,1.225897,19.550699,0.0529816,0.14778
345,2M20574795+5015567,-0.45157,1.028566,6.9969748,0.0194937,0.07137
346,2M20583988+5020511,-0.107332,2.403863,223.31646,0.134499,0.93057
347,2M20592885+5050588,0.009721,2.391958,250.40263,0.349696,0.94937
348,2M21000032+5047506,0.010561,0.931075,0.82295759,0.00414994,0.01673
349,2M21085247+4933419,-0.106381,1.492935,1598.629,0.212096,2.79897
350,2M21115923+4702111,-0.027335,2.525797,669.35492,0.451876,1.82747
351,2M21170564+4746449,-0.267566,1.592421,1394.6868,0.469457,2.40141
352,2M21172208+4843343,0.151455,3.481946,1285.35,0.29751,3.32008
353,2M21182361+4817275,-0.290842,0.970849,1347.2229,0.184643,2.10475
354,2M21222665+4539494,-0.259269,1.316768,564.24032,0.302644,1.27601
355,2M21225400+4453001,-0.228159,1.298449,1039.0722,0.172904,2.01521
356,2M21234925+4534342,-0.328128,1.73382,159.88473,0.201883,0.64356
357,2M21244622+1247365,-0.195255,1.048664,109.43646,0.113846,0.4247
358,2M21254515+4412510,-0.322843,1.062918,974.03512,0.222044,1.72939
359,2M21262850+1138426,0.077951,1.138479,1557.5077,0.286931,2.36373
360,2M21264913+4515101,-0.16394,0.663964,2.1998025,0.00516603,0.02873
361,2M21271422+4621236,-0.14614,0.82476,22.254918,0.121701,0.13248
362,2M21273750+4654009,-0.211308,1.897541,380.45386,0.0238496,1.26157
363,2M21274355+1202081,-0.49733,0.841087,279.2064,0.0407808,0.76465
364,2M21281415+1207240,-0.156087,1.574537,209.09595,0.0817502,0.77548
365,2M21301297+1133164,-0.24415,0.850698,536.81877,0.260204,1.0252
366,2M21303338+1314001,-0.240996,1.215318,63.772264,0.00747379,0.33201
367,2M21303727+1155122,0.091078,1.079849,11.712345,0.489119,0.08072
368,2M21310059+1219589,-0.82734,1.069762,190.27506,0.196883,0.59161
369,2M21310801+1201391,-0.211842,1.36009,157.7327,0.0545676,0.61662
370,2M21312112+1307399,-1.682475,0.867574,102.05481,0.0798881,0.38437
371,2M21313183+1139365,-0.26127,0.848835,1439.4379,0.472728,1.75862
372,2M21315735+1156548,-0.85961,1.068787,74.373343,0.0898015,0.33534
373,2M21324071+1224030,-0.441745,1.206227,69.547434,0.123043,0.33022
374,2M21325045+1206334,-0.71971,0.382997,61.439975,0.0509456,0.20362
375,2M21331372+1254561,0.36402,1.287152,242.61002,0.0239469,0.81798
376,2M21334323+1125252,0.26862,0.784131,1757.6629,0.177225,2.29454
377,2M21341600+1148394,0.013224,1.416929,159.78754,0.486546,0.53164
378,2M21380962+4208595,-0.39433,0.791703,18.397369,0.0203547,0.12405
379,2M21415678+4306484,0.042618,1.760114,153.67379,0.325247,0.60546
380,2M21442136+4312587,-0.15765,0.727132,241.38042,0.30505,0.54017
381,2M21482923+4307053,0.002472,1.505675,93.154871,0.0478579,0.45143
382,2M21492557+4203285,0.24058,0.992951,22.345783,0.00829875,0.15404
